{"cameraMode":{"drawMode":2,"name":"Shaded Wireframe","section":"Shading Mode"},"sceneLighting":true,"audioPlay":false,"sceneViewState":{"showFog":true,"showMaterialUpdate":false,"showSkybox":true,"showFlares":true,"showImageEffects":true,"showParticleSystems":true},"in2DMode":false,"pivot":{"x":-6.314446926116943,"y":-3.0006604194641115,"z":-11.173663139343262},"rotation":{"x":-0.0023764967918395998,"y":-0.9872725009918213,"z":0.1583280712366104,"w":-0.014818428084254265},"size":19.232515335083009,"orthographic":false}